filename,lte_rv,lte_e_rv,lte_teff,lte_logg,lte_redchi
WD0302p027_a_2000_07_16T10_05_38_all.dat.gz,1.203566028670198,2.574122777005095,8103.008603901918,7.097649381864962,1.9745505570568258
WD2152m548_a_2000_07_14T04_26_37_all.dat.gz,-7.287683737407897,2.1223867392481974,7638.545218340865,7.000000012544394,2.438795212375159
HE0211m2824_a_2000_12_07T03_26_14_all.dat.gz,73.39031010474095,3.691904279364465,13888.01059441284,8.031226879110593,0.8130263829633381
WD1615m154_b_2000_06_08T02_11_10_all.dat.gz,11.849428962767181,1.061157695320384,8808.710463957528,7.999999778049743,2.774783750013735
HE0418m5326_a_2000_07_18T10_06_00_all.dat.gz,850.4139028860772,,9500.00340049722,7.000000010567318,46.93475335348585
WD0107m192_b_2000_07_16T06_50_00_all.dat.gz,23.820123412903545,3.9283949769430553,12999.997310770985,7.438888873168428,3.6642530810698832
